dt,description,wind_speed,humidity,temperature,pressure
1551726218,Rain,4,80,4,994
1551731330,Clouds,4,80,4,994
1551734153,Rain,5,100,4,994
1551735821,Rain,6,100,4,993
1551738525,Rain,6,80,4,993
1551739426,Rain,6,80,4,993
1551740314,Clouds,7,80,4,993
1551740926,Clouds,7,80,4,993
1551776507,Rain,8,75,6,993
1551777418,Rain,8,75,7,993
1551778308,Rain,8,70,7,993
1551779187,Rain,8,70,7,993
1551780031,Clouds,9,70,7,993
1551780923,Clouds,9,70,8,993
1551781712,Clouds,9,70,8,993
1551782738,Clouds,8,65,8,993
1551783530,Clouds,8,65,8,993
1551784541,Clouds,7,70,8,994
1551785460,Rain,8,61,9,994
1551786212,Rain,8,61,9,994
1551787266,Rain,9,66,10,995
1551788172,Rain,9,66,9,995
1551789065,Clouds,8,61,9,995
1551789973,Clouds,8,61,10,995
1551790869,Clouds,7,57,10,995
1551791629,Clouds,7,57,10,995
1551795226,Rain,8,57,10,995
1551795817,Rain,7,57,10,995
1551796431,Rain,7,57,10,995
1551797925,Rain,7,61,10,995
1551798812,Clouds,7,61,10,995
1551799424,Clouds,6,57,10,995
1551800319,Clouds,6,57,10,995
1551801214,Clouds,6,57,9,995
1551802412,Clouds,7,53,9,995
1551803327,Rain,7,53,9,995
1551803505,Rain,6,57,9,995
1551805120,Rain,6,57,9,995
1551805713,Rain,5,61,9,994
1551806619,Clouds,5,61,9,994
1551807216,Clouds,4,66,9,994
1551808000,Clouds,5,61,8,994
1551808920,Clouds,5,61,8,994
1551809807,Clouds,2,61,8,994
1551810692,Clouds,2,61,8,994
1551811615,Clouds,4,70,8,993
1551812505,Clouds,4,70,8,993
1551821022,Rain,7,93,7,990
1551825051,Rain,7,93,7,988
1551825982,Rain,7,93,7,988
1551827017,Rain,7,100,7,987
1551873819,Rain,5,93,7,978
1551875028,Rain,5,87,7,979
1551875927,Rain,5,87,7,979
1551878915,Rain,5,87,6,979
1551888217,Clouds,9,70,7,979
1551889117,Clouds,9,70,7,979
1551890022,Rain,10,75,7,979
1551891223,Rain,10,75,7,979
1551891822,Rain,9,81,7,980
1551892729,Rain,9,81,7,980
1551893631,Rain,9,81,7,980
1551894522,Rain,9,81,7,980
1551895432,Rain,9,75,7,980
1551896317,Rain,9,75,7,980
1551897214,Rain,6,87,6,981
1551898429,Rain,6,87,6,981
1551899024,Rain,9,75,6,981
1551899924,Clouds,9,75,6,981
1551905179,Rain,7,80,5,982
1551906239,Clouds,7,80,5,982
1551907130,Clouds,7,80,5,982
1551909833,Rain,6,80,5,983
1551911026,Rain,6,80,5,983
1551911926,Rain,6,80,5,983
1551949967,Rain,13,86,5,987
1551950632,Rain,13,86,5,987
1551951517,Rain,13,86,5,987
1551956027,Rain,12,81,7,988
1551957172,Rain,13,75,7,989
1551957817,Rain,13,75,7,989
1551959571,Rain,12,75,7,990
1551965914,Rain,12,66,8,993
1551966533,Clouds,12,66,9,993
1551967123,Rain,11,66,9,993
1551967966,Rain,11,66,9,993
1551968325,Rain,11,66,9,993
1551968917,Clouds,11,70,9,994
1551969531,Rain,11,70,9,994
1551970114,Rain,11,70,9,994
1551971024,Rain,12,66,10,995
1551971330,Rain,12,66,10,995
1551971926,Rain,12,66,9,995
1551972831,Rain,13,75,9,996
1551973421,Rain,13,75,9,996
1551973734,Rain,13,75,9,996
1551974498,Rain,9,81,9,997
1551974914,Rain,9,81,9,997
1551975818,Rain,9,81,9,997
1551976127,Rain,9,81,8,997
1551976723,Rain,10,70,8,997
1551977633,Rain,10,70,8,997
1551978183,Rain,10,70,8,997
1552332831,Rain,10,81,7,1011
1552334022,Rain,10,75,7,1010
1552336416,Rain,9,81,8,1009
1552337932,Rain,10,81,8,1008
1552339870,Rain,10,76,9,1007
1552341217,Rain,11,81,9,1006
1552343477,Rain,11,81,9,1005
1552345306,Rain,9,87,9,1004
1552347173,Rain,10,81,10,1002
1552348721,Rain,10,81,10,1001
1552350820,Rain,11,76,11,1000
1552352323,Rain,11,81,11,999
1552354417,Rain,11,81,10,998
1552356064,Rain,12,87,9,997
1552358014,Rain,11,87,6,999
1552359828,Rain,8,93,6,1000
1552361629,Rain,9,87,6,1000
1552363432,Rain,7,87,5,1000
1552365222,Rain,8,86,5,1000
1552367015,Rain,8,86,5,1000
1552368822,Rain,10,86,5,999
1552370630,Rain,8,86,4,998
1552372718,Rain,7,86,4,999
1552374213,Rain,6,80,4,998
1552376093,Rain,6,86,4,999
1552377818,Rain,6,86,4,999
1552379918,Rain,6,86,4,999
1552381489,Rain,4,86,4,998
1552383514,Rain,5,86,4,998
1552385030,Rain,7,86,4,999
1552387127,Clouds,6,86,5,998
1552388921,Rain,6,80,5,998
1552390430,Rain,6,75,6,998
1552392231,Rain,7,70,7,998
1552394316,Clouds,8,65,7,997
1552396123,Rain,6,81,7,997
1552399716,Rain,9,65,6,996
1552401828,Rain,11,95,7,996
1552403314,Clouds,10,95,7,996
1552405529,Rain,10,95,7,995
1552406930,Rain,11,56,7,995
1552409168,Rain,12,97,7,994
1552410525,Rain,11,65,7,995
1552412625,Clouds,11,70,7,994
1552414116,Clouds,11,70,7,994
1552416225,Rain,12,70,6,994
1552417731,Rain,13,81,6,995
1552419926,Rain,10,81,6,995
1552421315,Rain,11,81,6,995
1552423431,Rain,9,75,6,995
1552425226,Rain,11,75,6,996
1552427315,Rain,11,75,6,996
1552428962,Clouds,11,75,6,996
1552430914,Clouds,12,75,6,996
1552432428,Rain,11,75,6,997
1552434217,Rain,12,75,6,997
1552435715,Rain,13,81,6,998
1552438116,Rain,13,81,6,998
1552439330,Rain,13,81,6,998
1552441723,Rain,12,81,6,999
1552443319,Rain,11,86,5,1000
1552445336,Rain,11,87,6,1001
1552447126,Rain,12,81,6,1001
1552448935,Rain,15,81,6,1001
1552450736,Rain,16,81,6,1001
1552452522,Rain,14,81,6,1002
1552454327,Rain,14,81,6,1003
1552456131,Rain,14,81,6,1003
1552457613,Rain,14,81,6,1004
1552460013,Rain,14,81,6,1004
1552461513,Clouds,15,75,6,1005
1552463314,Rain,16,75,6,1006
1552465130,Rain,15,81,6,1006
1552467216,Rain,12,81,6,1008
1552468729,Rain,12,81,6,1008
1552470833,Rain,14,81,7,1009
1552472330,Rain,13,75,8,1009
1552474430,Clouds,13,70,8,1010
1552475918,Clouds,14,65,9,1010
1552478030,Rain,13,61,9,1011
1552479533,Rain,13,61,9,1011
1552481625,Clouds,13,61,9,1011
1552483420,Rain,14,66,9,1012
1552485512,Rain,12,66,9,1012
1552487032,Rain,12,75,9,1012
1552489118,Rain,13,76,9,1012
1552490620,Rain,13,70,8,1012
1552492714,Rain,13,70,8,1012
1552494227,Rain,13,66,8,1012
1552496313,Rain,10,70,8,1012
1552497817,Rain,8,81,8,1012
1552499924,Rain,6,75,7,1012
1552501113,Rain,6,75,7,1012
1552503658,Rain,8,75,7,1012
1552505012,Clouds,6,81,7,1012
1552507260,Drizzle,6,81,7,1011
1552508622,Drizzle,7,81,7,1010
1552510863,Drizzle,8,87,7,1010
1552512524,Drizzle,8,81,8,1009
1552514472,Drizzle,8,81,8,1008
1552516127,Drizzle,8,81,8,1008
1552518230,Rain,8,81,8,1007
1552519712,Rain,7,87,8,1007
1552521841,Rain,8,87,8,1006
1552523459,Rain,9,87,8,1005
1552525414,Rain,8,87,8,1004
1552527100,Rain,8,87,8,1003
1552529017,Rain,9,93,8,1002
1552530615,Rain,9,87,9,1002
1552532618,Rain,10,87,9,1001
1552534246,Rain,10,93,9,1000
1552536230,Rain,10,93,9,1000
1552537725,Rain,10,93,9,1000
1552539815,Rain,10,87,10,998
1552541461,Rain,10,87,10,998
1552543418,Rain,10,87,10,998
1552544912,Rain,12,93,10,999
1552547037,Rain,13,87,9,1000
1552548815,Rain,12,81,9,1000
1552550613,Rain,11,81,9,1001
1552552422,Rain,13,76,9,1001
1552554228,Rain,10,81,9,1002
1552555982,Rain,8,87,9,1002
1552557858,Clouds,12,76,10,1003
1552559612,Clouds,12,71,10,1003
1552561731,Clouds,14,70,10,1003
1552563218,Rain,10,76,10,1004
1552565012,Rain,11,76,10,1004
1552566832,Rain,14,70,10,1004
1552568924,Clouds,11,71,11,1005
1552570717,Rain,12,66,10,1005
1552572524,Rain,11,66,10,1005
1552574014,Clouds,11,81,10,1005
1552576424,Clouds,11,81,10,1005
1552577622,Clouds,11,61,10,1005
1552580031,Clouds,11,66,10,1005
1552581529,Clouds,10,66,10,1005
1552583320,Clouds,11,61,10,1005
1552585114,Clouds,9,70,9,1006
1552587217,Clouds,9,70,9,1006
1552588721,Rain,9,70,9,1005
1552590513,Rain,10,70,8,1005
1552592334,Rain,6,70,8,1005
1552594113,Rain,4,81,8,1005
1552595912,Rain,3,87,7,1004
1552598016,Rain,4,87,8,1004
1552599523,Rain,3,93,8,1003
1552601826,Rain,3,93,9,1003
1552603424,Rain,3,93,10,1002
1552605450,Rain,5,93,11,1001
1552607103,Rain,6,87,11,1001
1552609121,Rain,8,93,11,1000
1552610744,Rain,9,93,11,1000
1552612526,Rain,10,93,11,1000
1552613915,Rain,11,93,11,1000
1552616173,Rain,11,93,11,1000
1552618003,Rain,11,87,11,999
1552619913,Rain,12,87,11,999
1552621591,Rain,12,93,11,999
1552623393,Drizzle,14,100,11,999
1552625320,Drizzle,13,93,10,1000
1552627123,Drizzle,10,81,10,1000
1552628930,Rain,11,81,9,1001
1552630711,Rain,11,81,9,1001
1552632527,Clouds,10,81,9,1001
1552634311,Drizzle,12,93,8,1002
1552636117,Clouds,10,81,8,1002
1552637928,Drizzle,10,81,8,1003
1552639726,Clouds,9,81,8,1003
1552641820,Clouds,9,76,9,1004
1552643330,Clouds,9,76,9,1004
1552645428,Clouds,11,76,9,1004
1552646935,Rain,11,76,10,1004
1552649024,Rain,11,76,10,1004
1552650770,Rain,12,70,10,1005
1552652620,Clouds,13,66,10,1005
1552654069,Clouds,13,66,10,1005
1552656223,Clouds,14,57,10,1006
1552658020,Rain,14,70,10,1006
1552659833,Rain,13,61,10,1006
1552661325,Rain,10,66,10,1006
1552663424,Rain,12,61,10,1006
1552665219,Rain,12,61,9,1006
1552667020,Rain,12,57,9,1006
1552668835,Rain,10,57,9,1007
1552670928,Clouds,7,61,9,1007
1552671974,Clouds,5,61,8,1007
1552673766,Rain,6,65,8,1007
1552675598,Rain,6,65,8,1007
1552677411,Rain,3,65,7,1007
1552679214,Rain,3,75,7,1007
1552681869,Rain,3,75,7,1007
1552682791,Rain,4,81,7,1007
1552685465,Rain,3,87,6,1006
1552686820,Rain,3,87,6,1006
1552689057,Rain,3,87,5,1005
1552690835,Rain,2,93,5,1004
1552692532,Rain,3,93,5,1003
1552694318,Rain,3,93,5,1003
1552696273,Rain,5,100,5,1002
1552697616,Rain,6,100,6,1000
1552700019,Rain,5,93,9,999
1552701684,Rain,3,100,9,998
1552703621,Rain,2,93,10,997
1552705122,Rain,6,93,10,996
1552707230,Rain,7,87,11,995
1552708716,Rain,7,87,11,995
1552710816,Rain,7,87,11,994
1552712324,Rain,7,87,11,994
1552714425,Rain,9,87,11,992
1552716095,Rain,9,87,11,992
1552717923,Rain,9,87,10,991
1552719822,Rain,9,93,10,991
1552721636,Rain,9,93,10,990
1552723302,Rain,10,93,10,989
1552725220,Rain,10,87,11,989
1552727019,Rain,10,87,11,988
1552729131,Rain,10,87,11,988
1552730629,Rain,10,87,11,988
1552732729,Rain,9,87,11,988
1552734228,Rain,10,87,11,987
1552736316,Rain,10,87,11,987
1552737816,Rain,9,93,11,987
1552739914,Rain,8,87,11,987
1552741724,Rain,8,81,10,987
1552743235,Rain,8,81,10,986
1552745032,Rain,9,81,9,987
1552747113,Rain,12,87,8,988
1552748913,Rain,13,81,7,988
1552750431,Clouds,13,81,7,989
1552752225,Clouds,11,75,7,990
1552754325,Clouds,9,75,6,991
1552755822,Rain,8,75,6,991
1552757935,Rain,9,81,6,992
1552759723,Rain,9,81,6,992
1552761821,Rain,8,80,5,992
1552763029,Clouds,8,86,5,993
1552765117,Clouds,7,80,4,994
1552767170,Rain,7,86,4,994
1552769027,Rain,6,86,3,994
1552770515,Rain,6,86,3,995
1552772770,Clouds,7,86,3,996
1552774420,Clouds,7,86,3,996
1552776382,Clouds,7,86,3,996
1552777716,Clouds,7,86,3,997
1552779968,Clouds,7,86,3,997
1552781327,Clouds,8,93,2,997
1552783573,Rain,7,93,2,998
1552785392,Clouds,8,100,2,998
1552787289,Clouds,6,100,2,998
1552788830,Clouds,8,100,2,998
1552790780,Rain,7,100,2,999
1552792588,Rain,6,100,2,999
1552794521,Clouds,6,100,1,999
1552796205,Clouds,6,100,1,999
1552798129,Clouds,8,100,1,1000
1552799769,Clouds,7,86,1,1000
1552801728,Clouds,6,86,1,1000
1552803366,Rain,7,86,1,1001
1552805332,Rain,6,86,1,1001
1552807126,Rain,6,86,1,1002
1552808772,Rain,6,86,2,1002
1552810721,Clouds,5,100,2,1002
1552812525,Clouds,6,100,3,1003
1552814323,Clouds,6,100,4,1003
1552816118,Clouds,7,86,5,1003
1552817915,Clouds,7,75,5,1003
1552819722,Clouds,8,80,5,1004
1552821516,Rain,11,80,5,1004
1552823631,Rain,11,80,6,1004
1552825126,Rain,12,81,7,1004
1552826913,Clouds,10,75,8,1005
1552828715,Clouds,12,70,9,1005
1552830819,Clouds,10,70,9,1006
1552832331,Clouds,10,70,9,1006
1552834418,Clouds,9,66,10,1007
1552836224,Clouds,11,57,11,1008
1552838020,Rain,11,57,10,1008
1552839815,Rain,12,61,10,1009
1552841624,Rain,10,61,9,1010
1552843424,Rain,10,65,8,1011
1552845221,Rain,10,65,8,1011
1552847017,Clouds,8,75,8,1012
1552849132,Clouds,5,75,7,1013
1552850637,Rain,7,70,7,1014
1552852724,Rain,8,75,6,1014
1552854224,Clouds,7,75,5,1015
1552856017,Clouds,7,75,5,1016
1552857887,Clouds,7,80,5,1016
1552860043,Clouds,8,80,5,1016
1552861721,Clouds,8,80,5,1016
1552863532,Clouds,6,86,5,1017
1552865027,Clouds,6,86,5,1017
1552867230,Clouds,7,86,4,1017
1552868922,Clouds,7,86,4,1018
1552870721,Clouds,7,86,4,1018
1552872523,Clouds,7,86,4,1018
1552874523,Clouds,7,80,5,1018
1552876120,Clouds,5,86,5,1018
1552877933,Clouds,4,86,5,1018
1552879871,Rain,6,86,5,1018
1552881649,Rain,6,86,5,1018
1552883327,Rain,6,86,5,1018
1552885424,Rain,4,86,5,1018
1552886923,Rain,4,86,5,1018
1552889018,Rain,5,93,5,1018
1552890686,Rain,4,93,5,1018
1552892628,Rain,4,93,5,1018
1552894117,Rain,5,93,5,1018
1552896221,Rain,5,93,5,1018
1552898034,Drizzle,4,87,6,1018
1552899831,Clouds,4,93,6,1018
1552901625,Drizzle,6,87,7,1018
1552903429,Drizzle,6,87,7,1018
1552905230,Clouds,6,93,8,1018
1552907028,Clouds,7,87,8,1018
1552908832,Drizzle,8,87,9,1018
1552910915,Drizzle,8,81,9,1018
1552912416,Drizzle,7,87,9,1019
1552914528,Clouds,7,81,9,1019
1552916016,Clouds,8,87,9,1019
1552918117,Clouds,8,76,10,1019
1552919933,Clouds,7,81,10,1019
1552921719,Clouds,8,81,10,1019
1552925318,Drizzle,8,81,10,1019
1552928924,Clouds,7,81,10,1020
1552932514,Clouds,8,81,9,1021
1552936126,Clouds,7,87,9,1021
1552939730,Drizzle,4,87,9,1022
1552943616,Clouds,5,87,9,1022
1552947223,Drizzle,5,93,9,1023
1552950515,Rain,5,100,8,1023
1552954587,Drizzle,6,100,8,1024
1552958194,Drizzle,5,93,8,1023
1552961812,Clouds,4,93,7,1023
1552965519,Clouds,3,93,7,1024
1552968817,Clouds,4,93,7,1023
1552972737,Clouds,4,87,7,1024
1552976329,Clouds,4,93,6,1023
1552979917,Drizzle,3,87,7,1024
1552983365,Rain,4,93,7,1024
1552987134,Drizzle,3,93,8,1024
1552990731,Drizzle,3,93,9,1024
1552994318,Clouds,5,93,10,1024
1552997915,Clouds,6,87,11,1024
1553001519,Clouds,5,81,12,1023
1553005431,Clouds,5,87,13,1024
1553009026,Clouds,6,81,13,1023
1553012615,Clouds,6,81,13,1024
1553016222,Clouds,4,71,13,1024
1553019828,Clouds,3,71,12,1025
1553023421,Clouds,6,81,10,1026
1553027036,Clouds,5,81,10,1026
1553030915,Clouds,4,81,10,1026
1553034537,Clouds,4,81,10,1027
1553038129,Clouds,4,87,10,1027
1553041716,Clouds,6,87,10,1028
1553045426,Clouds,5,93,8,1028
1553048927,Clouds,5,93,8,1028
1553052521,Clouds,4,93,9,1028
1553056121,Clouds,4,93,8,1028
1553059911,Clouds,4,100,8,1028
1553063318,Clouds,4,100,8,1028
1553067016,Clouds,3,93,8,1028
1553070679,Clouds,1,93,9,1029
1553074428,Clouds,3,81,12,1029
1553078015,Clouds,3,76,13,1029
1553081625,Clouds,4,76,15,1029
1553085230,Clouds,5,72,16,1029
1553088814,Clouds,4,67,16,1029
1553092428,Clouds,6,72,15,1028
1553096022,Clouds,5,72,15,1028
1553099914,Clouds,4,72,15,1027
1553103526,Rain,4,77,14,1028
1553107134,Rain,3,93,13,1028
1553110721,Clouds,3,93,13,1028
1553114027,Clouds,3,87,13,1028
1553117932,Rain,3,87,13,1029
1553121527,Clouds,5,81,12,1029
1553125121,Clouds,4,87,11,1029
1553128427,Clouds,3,76,11,1029
1553132315,Clouds,4,76,11,1029
1553136215,Clouds,4,76,11,1029
1553139953,Clouds,4,81,11,1029
1553143558,Clouds,4,81,11,1029
1553147020,Drizzle,3,93,10,1030
1553150805,Clouds,5,87,10,1030
1553154355,Drizzle,4,81,10,1031
1553157814,Clouds,3,81,11,1031
1553161576,Clouds,4,81,11,1032
1553165313,Drizzle,4,71,12,1032
1553168931,Clouds,3,76,13,1032
1553172519,Clouds,3,76,13,1031
1553176118,Clouds,4,71,13,1031
1553179714,Clouds,3,71,14,1030
1553183318,Clouds,4,71,13,1030
1553186917,Clouds,3,76,13,1029
1553190832,Clouds,3,76,12,1028
1553194417,Clouds,3,87,11,1028
1553197732,Clouds,2,81,10,1027
1553201620,Clouds,4,87,10,1027
1553205217,Clouds,4,81,10,1027
1553208527,Clouds,5,81,10,1026
1553212417,Clouds,4,76,10,1025
1553216028,Clouds,5,76,10,1025
1553219619,Clouds,7,76,10,1024
1553223520,Clouds,6,76,11,1023
1553227115,Clouds,5,81,10,1022
1553230716,Clouds,7,76,10,1021
1553234313,Clouds,6,76,10,1021
1553237917,Clouds,7,71,10,1021
1553241643,Clouds,4,76,10,1021
1553245282,Clouds,7,76,10,1020
1553248719,Clouds,9,76,11,1020
1553252440,Clouds,7,76,11,1020
1553256216,Rain,6,76,11,1020
1553259832,Rain,7,81,11,1020
1553263224,Rain,5,87,10,1021
1553267030,Rain,6,87,9,1022
1553270630,Clouds,5,81,10,1022
1553274223,Clouds,4,71,10,1023
1553277836,Clouds,9,61,9,1024
1553281414,Clouds,6,61,8,1025
1553285025,Clouds,5,65,7,1026
1553288636,Clouds,5,70,6,1027
1553292217,Clouds,4,75,5,1028
1553296130,Clouds,5,70,6,1028
1553299730,Clouds,6,75,5,1029
1553303033,Clouds,6,80,5,1029
1553306914,Clouds,5,80,5,1030
1553310522,Clouds,5,80,4,1030
1553314122,Clouds,3,80,4,1031
1553317736,Clouds,3,86,3,1031
1553321613,Clouds,2,100,3,1032
1553325215,Clouds,2,100,2,1032
1553328813,Clear,3,86,3,1033
1553332415,Clear,3,80,4,1034
1553336035,Clear,4,75,6,1034
1553339619,Clouds,3,70,7,1034
1553343333,Clouds,4,65,9,1034
1553346951,Clouds,3,61,9,1034
1553350538,Clouds,3,52,9,1034
1553354151,Clouds,1,49,9,1034
1553357913,Clouds,3,95,9,1034
1553361530,Clouds,2,96,8,1033
1553364983,Clouds,3,61,8,1034
1553368571,Clouds,3,65,7,1034
1553372192,Clear,3,65,6,1034
1553376229,Clouds,1,70,6,1034
1553379813,Clouds,2,70,5,1034
1553383423,Clouds,2,70,5,1033
1553386729,Clouds,2,100,4,1033
1553390620,Clouds,2,75,5,1033
1553393926,Clouds,2,75,4,1033
1553397825,Clouds,3,80,3,1032
1553401422,Clouds,3,86,2,1032
1553405029,Clouds,3,86,3,1032
1553408636,Clouds,4,100,2,1032
1553412518,Clouds,5,100,4,1032
1553415829,Clouds,5,80,5,1032
1553419722,Clouds,6,75,7,1032
1553423033,Clouds,8,70,8,1032
1553427050,Clouds,8,66,9,1031
1553430816,Clouds,9,61,10,1031
1553434430,Clouds,11,61,10,1031
1553438030,Clouds,10,66,10,1030
1553441617,Clouds,12,66,10,1030
1553445232,Rain,12,66,10,1030
1553448819,Rain,10,61,10,1030
1553452416,Clouds,9,66,9,1030
1553455972,Clouds,7,66,9,1031
1553459614,Clouds,8,65,8,1031
1553463522,Clouds,7,65,8,1032
1553466827,Clouds,8,70,7,1032
1553470429,Clouds,7,75,7,1032
1553474091,Clouds,7,75,7,1032
1553477613,Clouds,6,81,6,1032
1553481519,Clouds,4,86,6,1033
1553485133,Clouds,4,86,6,1033
1553488729,Clouds,4,86,5,1033
1553492576,Clouds,5,93,5,1034
1553495916,Clouds,4,93,5,1034
1553499522,Clouds,5,93,6,1034
1553503114,Clouds,6,93,7,1035
1553506972,Clouds,5,70,9,1035
1553510742,Clouds,5,70,10,1036
1553514232,Clouds,4,70,10,1036
1553518005,Clouds,4,66,11,1036
1553521610,Clouds,4,62,11,1036
1553525027,Clouds,4,58,11,1035
1553528618,Clouds,5,62,11,1035
1553532521,Clouds,4,66,10,1035
1553536119,Clouds,4,66,10,1035
1553541734,Clouds,3,76,9,1035
1553545131,Clouds,2,76,9,1036
1553549018,Clouds,1,81,8,1036
1553552330,Clouds,2,75,8,1036
1553556230,Clouds,1,81,6,1036
1553559825,Clouds,2,75,5,1035
1553563133,Clouds,2,80,5,1035
1553567025,Clouds,3,75,4,1035
1553570617,Clouds,3,81,4,1035
1553574513,Clouds,4,86,3,1035
1553578125,Clouds,3,86,3,1035
1553581419,Clouds,3,93,3,1035
1553585024,Clouds,3,93,3,1035
1553588621,Clouds,3,86,5,1035
1553597317,Clouds,5,70,10,1035
1553601127,Clouds,5,61,11,1034
1553604524,Clouds,5,62,11,1034
1553608113,Clouds,6,62,12,1034
1553612017,Clouds,6,58,12,1034
1553615625,Clouds,6,58,13,1034
1553619222,Clouds,5,66,12,1033
1553622834,Clouds,4,62,12,1034
1553626436,Clouds,3,70,10,1034
1553630020,Clouds,1,87,8,1034
1553633920,Clouds,4,87,6,1034
1553637520,Clouds,3,81,6,1035
1553641121,Clouds,4,86,4,1035
1553644418,Clouds,3,86,4,1035
1553648325,Clouds,3,86,4,1035
1553651931,Clouds,2,86,4,1035
1553655535,Clouds,3,86,4,1035
1553659434,Clouds,4,86,5,1034
1553662835,Clouds,3,86,4,1035
1553666618,Clouds,3,81,5,1035
1553670042,Clouds,3,81,5,1035
1553673813,Clouds,3,81,6,1036
1553677434,Clouds,2,81,8,1036
1553681029,Clouds,3,75,9,1036
1553684617,Clouds,5,66,10,1036
1553688228,Clouds,4,66,11,1036
1553692115,Clouds,5,62,12,1036
1553695721,Clouds,6,62,13,1036
1553699025,Clouds,5,58,13,1036
1553702617,Clouds,5,66,13,1035
1553706525,Clouds,3,62,13,1036
1553710135,Clouds,4,62,12,1035
1553713723,Clouds,3,81,9,1036
1553717313,Clouds,3,87,8,1036
1553720920,Clouds,2,93,6,1036
1553724819,Clouds,2,100,5,1036
1553728413,Clouds,1,100,4,1036
1553731730,Clouds,2,100,3,1036
1553735750,Clouds,3,100,2,1036
1553739328,Clouds,3,93,3,1036
1553742726,Clouds,2,93,4,1036
1553746423,Clouds,2,93,5,1036
1553750180,Clouds,2,86,4,1035
1553753818,Clouds,2,93,3,1036
1553757515,Clouds,2,87,5,1036
1553761114,Clear,3,81,6,1036
1553764521,Clear,3,76,9,1035
1553768025,Clouds,3,66,10,1035
1553772518,Clear,3,58,13,1035
1553776268,Clear,3,47,14,1034
1553779856,Clouds,3,44,15,1033
1553783321,Clouds,3,36,16,1032
1553787031,Clear,4,38,16,1032
1553790642,Clear,4,38,16,1031
1553794134,Clear,5,38,16,1031
1553798048,Clear,4,44,13,1031
1553801632,Clear,3,58,11,1031
1553805233,Clear,3,66,10,1031
1553808727,Clear,3,66,8,1031
1553812418,Clear,3,66,7,1030
1553815927,Clear,2,66,6,1030
1553819627,Clear,2,70,6,1030
1553823216,Clear,3,70,6,1029
1553826837,Clear,5,86,4,1029
1553830724,Clear,4,86,3,1029
1553834314,Clear,4,87,3,1029
1553837918,Clear,3,87,3,1028
1553841213,Clouds,5,100,3,1028
1553845326,Clouds,2,93,4,1028
1553848326,Clouds,2,87,7,1028
1553851929,Clouds,2,87,8,1028
1553856126,Clouds,3,76,10,1028
1553859075,Clouds,2,76,11,1027
1553863327,Clouds,3,62,12,1026
1553867035,Clouds,4,58,13,1026
1553870635,Clouds,4,71,13,1025
1553873919,Clouds,4,71,13,1024
1553877969,Clouds,4,71,13,1024
1553881418,Clouds,4,76,12,1023
1553885024,Clouds,2,81,10,1023
1553888622,Clouds,1,93,8,1023
1553892536,Clouds,1,100,7,1023
1553895993,Fog,1,93,6,1022
1553899724,Clouds,2,93,5,1022
1553903314,Clouds,3,93,5,1022
1553906929,Clouds,3,87,6,1022
1553910532,Clouds,3,87,6,1022
1553914127,Clouds,3,87,6,1021
1553917718,Clouds,4,87,6,1021
1553921332,Clouds,3,87,6,1021
1553925232,Clouds,3,93,6,1021
1553928814,Clouds,3,93,5,1021
1553932129,Clouds,3,93,7,1021
1553936025,Clouds,4,87,9,1022
1553939622,Clouds,5,81,10,1022
1553943220,Clouds,5,81,11,1022
1553946824,Clouds,4,76,11,1022
1553950415,Clouds,3,54,12,1022
1553954024,Clouds,3,66,12,1022
1553957623,Drizzle,7,81,11,1023
1553961220,Drizzle,6,93,10,1023
1553964831,Rain,5,81,8,1023
1553968847,Drizzle,6,87,8,1024
1553972492,Clouds,5,87,7,1024
1553976149,Clouds,4,75,7,1025
1553979615,Clouds,3,75,7,1026
1553983429,Clouds,3,70,7,1026
1553987017,Clouds,3,100,5,1026
1553990620,Clouds,4,80,4,1026
1553994220,Clouds,3,86,3,1026
1553997727,Clouds,1,100,2,1026
1554001432,Clouds,4,92,1,1026
1554005016,Clouds,3,92,1,1026
1554008618,Clouds,4,92,1,1026
1554012228,Clouds,4,92,1,1025
1554015826,Clouds,3,100,1,1026
1554019430,Clouds,4,93,3,1026
1554023327,Clouds,4,93,6,1026
1554026935,Clouds,7,87,7,1026
1554030515,Clouds,6,81,8,1027
1554034115,Clouds,5,81,9,1027
1554037731,Clouds,6,76,10,1026
1554041327,Clouds,6,76,10,1026
1554044919,Clouds,7,71,10,1026
1554048522,Clouds,7,71,10,1026
1554052127,Clouds,7,70,9,1025
1554056031,Clouds,6,75,8,1025
1554059527,Clouds,4,75,7,1025
1554063331,Clouds,3,87,7,1025
1554066938,Clouds,2,87,6,1025
1554070603,Clouds,2,87,6,1024
1554074170,Clouds,3,93,7,1024
1554077837,Clouds,3,87,7,1024
1554081531,Clouds,5,75,7,1023
1554084826,Clouds,6,75,8,1023
1554088712,Clouds,5,75,7,1022
1554092141,Clouds,3,87,7,1022
1554095947,Clouds,3,87,7,1021
1554099510,Clouds,3,87,7,1021
1554103116,Clouds,4,75,7,1020
1554106723,Clouds,4,81,8,1020
1554110627,Clouds,3,76,9,1019
1554113917,Clouds,4,81,9,1019
1554117530,Clouds,5,71,10,1018
1554121425,Clouds,5,71,11,1017
1554124727,Clouds,4,58,11,1016
1554128629,Rain,4,76,11,1016
1554132222,Clouds,4,76,10,1014
1554135827,Clouds,4,71,11,1013
1554139433,Clouds,4,76,10,1013
1554143021,Clouds,4,71,9,1012
1554146929,Rain,2,93,7,1011
1554150520,Rain,5,81,6,1012
1554154130,Rain,3,87,6,1011
1554157719,Rain,3,87,6,1010
1554161322,Rain,5,87,6,1009
1554165024,Clouds,7,87,5,1009
1554168674,Clouds,6,86,4,1009
1554172279,Clouds,6,93,3,1009
1554175715,Clouds,6,93,2,1008
1554179314,Clouds,5,93,2,1008
1554183107,Clouds,4,100,2,1007
1554186814,Clouds,4,100,2,1007
1554190425,Clouds,6,100,3,1006
1554194023,Clouds,5,86,4,1005
1554197914,Clouds,9,80,5,1005
1554201233,Clouds,8,80,5,1004
1554204835,Clouds,10,70,6,1003
1554208422,Clouds,10,65,7,1003
1554212526,Rain,9,100,7,1002
1554215931,Rain,8,75,5,1002
1554219524,Rain,5,86,6,1002
1554223115,Clouds,8,70,6,1002
1554226725,Rain,7,75,5,1002
1554230315,Clouds,7,100,3,1001
1554233920,Clouds,7,86,3,1002
1554237988,Clouds,6,86,3,1002
1554241613,Clouds,5,86,3,1003
1554245178,Clouds,5,86,3,1003
1554248792,Clouds,5,100,2,1004
1554252215,Clouds,7,100,2,1004
1554255816,Clouds,6,100,2,1004
1554259714,Clouds,6,100,2,1004
1554263331,Clouds,6,100,2,1004
1554266914,Clouds,7,100,2,1004
1554270430,Clouds,6,100,2,1004
1554274134,Clouds,6,100,2,1004
1554277715,Clouds,7,100,3,1004
1554281630,Clouds,9,80,4,1004
1554284918,Clouds,10,75,5,1003
1554288734,Clouds,11,70,6,1003
1554292887,Rain,11,75,6,1001
1554296317,Rain,9,70,6,1001
1554300233,Rain,11,100,6,999
1554303818,Rain,11,80,6,998
1554307427,Rain,10,86,5,997
1554311314,Rain,9,93,4,996
1554314629,Rain,9,93,4,995
1554318231,Rain,9,93,4,994
1554322115,Rain,6,93,5,994
1554325717,Rain,5,93,4,994
1554329324,Rain,5,93,4,994
1554332922,Rain,6,93,4,993
1554336522,Rain,6,86,4,993
1554340414,Rain,8,80,4,993
1554343728,Rain,7,86,4,992
1554347324,Clouds,8,80,4,992
1554351307,Clouds,8,75,4,992
1554354916,Clouds,8,100,3,992
1554358127,Clouds,7,100,3,992
1554362137,Clouds,7,100,4,991
1554365868,Clouds,7,75,5,991
1554369399,Clouds,9,70,5,991
1554373117,Clouds,9,70,6,991
1554376731,Rain,9,70,6,991
1554380238,Rain,9,70,6,990
1554383797,Clouds,9,65,7,990
1554387532,Rain,11,65,6,989
1554391123,Rain,8,80,4,989
1554395030,Rain,9,86,4,988
1554398634,Rain,10,93,3,987
1554402237,Rain,3,93,3,987
1554406226,Rain,6,93,3,987
1554409828,Rain,4,93,3,987
1554413519,Rain,4,100,2,987
1554416929,Rain,4,93,2,988
1554419917,Clouds,3,93,2,989
1554423815,Rain,4,100,2,990
1554427716,Clouds,3,93,2,991
1554431623,Rain,3,100,2,992
1554435043,Clouds,3,100,1,993
1554438817,Clouds,4,93,1,994
1554442419,Clouds,4,100,1,995
1554446028,Clouds,1,100,0,995
1554449624,Clouds,3,100,1,996
1554453215,Clouds,3,100,3,996
1554457118,Rain,3,100,5,997
1554460428,Rain,4,81,6,997
1554464327,Clouds,4,81,7,997
1554467637,Clouds,3,87,7,997
1554471527,Clouds,5,81,7,998
1554475125,Clouds,3,87,8,999
1554479634,Clouds,4,87,8,1000
1554482917,Clouds,4,87,8,1000
1554486553,Clouds,3,81,8,1000
1554490121,Rain,5,93,7,1002
1554494055,Rain,4,93,7,1002
1554497331,Rain,4,93,7,1003
1554501215,Rain,5,100,6,1003
1554504816,Rain,3,87,6,1004
1554508424,Rain,5,87,6,1004
1554512321,Rain,6,87,6,1004
1554515617,Rain,5,87,6,1004
1554519236,Rain,3,81,6,1004
1554523127,Rain,3,87,6,1005
1554526825,Rain,6,87,6,1004
1554530517,Clouds,7,87,7,1005
1554534015,Mist,6,87,7,1005
1554537648,Mist,6,87,7,1006
1554541435,Mist,6,87,7,1006
1554544934,Mist,6,87,8,1006
1554548646,Clouds,7,81,9,1007
1554552094,Clouds,6,76,9,1007
1554555729,Clouds,6,76,10,1007
1554559328,Clouds,5,76,10,1007
1554562955,Clouds,5,76,10,1007
1554566524,Clouds,3,71,10,1007
1554570235,Clouds,4,76,10,1007
1554573833,Clouds,5,81,9,1008
1554577725,Clear,4,81,7,1008
1554581317,Clear,4,86,5,1008
1554584937,Clear,2,93,4,1008
1554588218,Clouds,2,86,4,1008
1554592133,Clouds,2,100,2,1008
1554595722,Clouds,3,86,2,1008
1554599631,Clouds,1,100,1,1008
1554603214,Clouds,1,100,2,1008
1554606814,Clouds,2,100,2,1008
1554610561,Clouds,2,100,3,1008
1554614182,Mist,3,100,2,1008
1554617624,Mist,2,100,2,1008
1554620935,Mist,5,93,3,1008
1554624953,Mist,4,100,6,1009
1554628435,Clouds,6,81,8,1009
1554632024,Clouds,6,71,9,1009
1554635835,Clouds,7,71,10,1010
1554639382,Clouds,8,76,10,1010
1554642927,Clouds,8,76,10,1010
1554646726,Clouds,8,76,10,1010
1554650139,Clouds,8,76,10,1010
1554653917,Clouds,8,76,10,1010
1554657526,Clouds,6,76,10,1010
1554661419,Clouds,6,76,8,1010
1554665329,Clouds,5,87,7,1010
1554669128,Clouds,5,87,7,1010
1554672813,Clouds,3,93,6,1010
1554676431,Clouds,3,93,7,1010
1554679922,Clouds,4,93,6,1010
1554683614,Clouds,4,100,6,1009
1554687228,Clouds,4,93,6,1009
1554690701,Clouds,2,100,7,1010
1554694424,Clouds,1,100,7,1009
1554697806,Clouds,3,100,8,1010
1554701629,Mist,3,100,7,1010
1554705219,Mist,3,100,8,1010
1554708827,Mist,4,93,8,1010
1554712714,Mist,5,93,9,1010
1554715930,Mist,7,87,9,1010
1554719534,Mist,7,87,9,1010
1554723086,Rain,6,93,8,1011
1554727330,Rain,6,93,8,1011
1554730729,Rain,6,93,8,1011
1554734323,Drizzle,4,93,8,1011
1554738132,Drizzle,4,100,8,1011
1554741160,Drizzle,2,93,8,1011
1554745423,Mist,3,93,9,1011
1554749112,Rain,3,93,9,1011
1554752632,Drizzle,2,100,8,1012
1554756226,Drizzle,2,100,8,1012
1554759955,Drizzle,3,100,8,1012
1554763570,Rain,4,100,8,1012
1554767015,Drizzle,4,100,8,1013
1554770927,Rain,4,93,8,1013
1554774224,Drizzle,4,93,8,1013
1554778126,Rain,5,93,8,1014
1554781732,Rain,5,93,8,1014
1554785313,Rain,7,93,8,1014
1554788930,Mist,6,87,8,1015
1554792534,Clouds,6,87,8,1015
1554796414,Mist,7,87,8,1016
1554799927,Clouds,7,81,8,1016
1554803526,Clouds,7,81,8,1017
1554807227,Clouds,9,81,8,1017
1554810815,Clouds,8,76,9,1017
1554814113,Clouds,8,76,9,1017
1554818034,Clouds,7,76,10,1018
1554821616,Clouds,7,76,9,1018
1554825225,Clouds,6,76,9,1018
1554829113,Clouds,6,70,9,1018
1554832714,Clouds,6,70,9,1018
1554836330,Clouds,5,75,8,1018
1554839935,Clouds,6,75,7,1019
1554843520,Clouds,5,81,6,1019
1554847265,Clouds,4,81,6,1019
1554850718,Clouds,4,81,5,1019
1554854332,Clouds,4,81,5,1019
1554858220,Clouds,6,81,5,1020
1554861627,Clouds,6,81,5,1020
1554865238,Clouds,5,80,6,1020
1554868846,Clouds,6,81,6,1020
1554872526,Clouds,5,80,6,1020
1554876070,Clouds,5,80,5,1021
1554879821,Clouds,4,80,5,1021
1554883414,Clouds,5,75,6,1022
1554887013,Clouds,6,70,7,1022
1554890616,Clouds,5,65,7,1022
1554894517,Clouds,6,65,8,1022
1554898117,Clouds,7,61,8,1022
1554901725,Clouds,6,70,9,1022
1554905319,Clouds,6,65,9,1023
1554908931,Clouds,5,61,9,1023
1554912836,Clouds,4,61,9,1023
1554916552,Clouds,4,61,8,1023
1554920526,Clouds,4,65,7,1023
1554924126,Clouds,3,80,5,1023
1554927830,Clouds,3,80,4,1023
1554931424,Clouds,2,86,4,1024
1554935026,Clouds,3,80,5,1024
1554938619,Clouds,1,100,2,1024
1554942518,Clouds,2,93,2,1024
1554946115,Clouds,1,100,2,1024
1554949855,Clouds,2,92,1,1024
1554953481,Clouds,1,92,0,1024
1554957079,Clouds,2,100,1,1024
1554960714,Clouds,1,100,0,1024
1554964326,Clear,2,100,0,1024
1554967856,Clouds,1,100,3,1024
1554972338,Clear,3,75,7,1025
1554975728,Clear,2,66,9,1025
1554978768,Clouds,3,71,10,1025
1554982349,Clouds,3,62,11,1025
1554986706,Clouds,3,66,11,1025
1554990355,Clouds,3,66,10,1025
1554993957,Clouds,2,57,11,1025
1554997518,Clouds,2,62,10,1025
1555001165,Clouds,2,66,11,1024
1555005138,Clouds,3,66,10,1024
1555008727,Clouds,2,76,9,1025
1555011995,Clouds,2,81,8,1025
1555015927,Clouds,2,93,6,1025
1555020046,Clouds,1,93,5,1025
1555023729,Clouds,2,93,4,1025
1555027293,Clouds,2,93,3,1025
1555030926,Clouds,3,93,3,1025
1555034573,Clouds,3,93,4,1025
1555038126,Clouds,3,93,4,1025
1555041730,Clouds,1,100,2,1025
1555045334,Clouds,2,100,1,1025
1555048926,Clouds,2,100,1,1025
1555052528,Clouds,2,93,3,1024
1555056127,Clouds,3,87,6,1025
1555059822,Clouds,4,81,8,1025
1555063736,Clouds,4,81,8,1025
1555067327,Clouds,4,81,8,1025
1555070914,Clouds,4,76,9,1024
1555074515,Clouds,6,76,9,1024
1555078327,Clouds,6,76,9,1024
1555081723,Clouds,6,76,9,1024
1555085720,Clouds,5,70,9,1024
1555089359,Clouds,5,76,9,1024
1555092726,Clouds,6,81,8,1024
1555096584,Clouds,5,75,8,1024
1555100208,Clouds,4,70,7,1024
1555103771,Clouds,3,75,6,1024
1555107517,Clouds,3,87,5,1024
1555111129,Clouds,4,87,6,1024
1555114724,Clouds,5,75,6,1024
1555118169,Clouds,6,75,7,1024
1555121800,Clouds,7,70,7,1024
1555125726,Clouds,7,75,7,1024
1555129346,Clouds,6,75,6,1024
1555132717,Clouds,6,75,6,1024
1555136327,Clouds,6,75,6,1024
1555140226,Clouds,6,81,7,1024
